,Thrombolysis_rate_(%)_(median),Thrombolysis_rate_(%)_(low_5%),Thrombolysis_rate_(%)_(high_95%),Thrombolysis_rate_(%)_(mean),Thrombolysis_rate_(%)_(stdev),Thrombolysis_rate_(%)_(95ci),Thrombectomy_rate_(%)_(median),Thrombectomy_rate_(%)_(low_5%),Thrombectomy_rate_(%)_(high_95%),Thrombectomy_rate_(%)_(mean),Thrombectomy_rate_(%)_(stdev),Thrombectomy_rate_(%)_(95ci),LVO_IVT_mean_shift_(median),LVO_IVT_mean_shift_(low_5%),LVO_IVT_mean_shift_(high_95%),LVO_IVT_mean_shift_(mean),LVO_IVT_mean_shift_(stdev),LVO_IVT_mean_shift_(95ci),LVO_MT_mean_shift_(median),LVO_MT_mean_shift_(low_5%),LVO_MT_mean_shift_(high_95%),LVO_MT_mean_shift_(mean),LVO_MT_mean_shift_(stdev),LVO_MT_mean_shift_(95ci),nLVO_IVT_mean_shift_(median),nLVO_IVT_mean_shift_(low_5%),nLVO_IVT_mean_shift_(high_95%),nLVO_IVT_mean_shift_(mean),nLVO_IVT_mean_shift_(stdev),nLVO_IVT_mean_shift_(95ci),onset_to_needle_mins(mean),onset_to_puncture_mins(mean)
Addenbrooke's Hospital,1.4139693356047701e+01,12.419080068143101,16.70357751277683,14.378194207836456,1.4296278196427494,0.2802019037796306,1.8739352640545146,1.0136286201022147,3.4156729131175463,2.0408858603066444,0.7190989718694711,0.14094080861839453,-0.10207371659742734,-0.11951115632246727,-0.08255678219032869,-0.1005568231356195,0.01138939345340734,0.0022322800974434592,-0.4935815455556482,-0.7390061198515102,-0.25160946003584195,-0.49737174067511686,0.14981212611467282,0.029362637163213134,-0.42049651166959623,-0.44683777521884266,-0.396190905060319,-0.41944526871345383,0.015194232104164563,0.0029780147696904513,177.3024630302779,365.4259906787829
Basildon University Hospital,13.361169102296449,10.835073068893529,15.876826722338205,13.286012526096023,1.5895218972790814,0.31154056713047673,0.8350730688935281,0.41753653444676403,2.0876826722338206,1.0334029227557402,0.47418856514135466,0.09293925095577804,-0.11404830852203737,-0.13398742020146098,-0.09813594346678525,-0.11493439676503531,0.011606432036083645,0.0022748188779735806,-0.3959757394775175,-0.7495093320198346,-0.05557739313063344,-0.38811715060434054,0.2012042034908154,0.03943529923800665,-0.4258372236158896,-0.46448594135549826,-0.3901534529693681,-0.42840482419770426,0.025381388326005117,0.004974660699659517,168.96859030597014,387.72945144081507
Blackpool Victoria Hospital,8.456659619450317,6.765327695560254,10.581395348837209,8.568710359408032,1.2431370267110016,0.2436503800201777,0.6342494714587738,0.21141649048625794,1.4799154334038054,0.7674418604651155,0.39598606761845534,0.07761184309118152,-0.09435494580454037,-0.12106599841429877,-0.07531576573619546,-0.0952959325409189,0.013802740317198667,0.002705287390966829,-0.5091482949014665,-0.8937051516313734,-0.15084926576894608,-0.5055222489321016,0.22648583999755909,0.04439040894035173,-0.40473217269669287,-0.4635183837446565,-0.3505110892312168,-0.4053063151287133,0.032154111019295065,0.006302089955272094,180.73936489816467,307.5791817592838
Bradford and Airedale SU,6.932409012131716,5.719237435008666,9.020797227036395,7.143847487001727,0.9940909862303465,0.19483825303673807,0.17331022530329288,0.0,0.5199306759098787,0.21663778162911626,0.19454804308588253,0.03813071577110763,-0.07948365374017921,-0.09892764375421986,-0.057785381059145366,-0.08023172943176038,0.013168768924874478,0.002581031281348428,-0.14029751511334343,-0.5508427556970839,0.10475955610357612,-0.1817426486977677,0.22356613563888167,0.04381815740150047,-0.3517025508453001,-0.393795790961113,-0.3066636720859885,-0.349103924100533,0.02641473138408614,0.005177192217410864,200.62040197828955,403.70095238095234
Bronglais Hospital,22.340425531914892,17.02127659574468,29.84042553191489,22.648936170212767,4.3015301923492935,0.8430844255416261,0.0,0.0,1.0638297872340425,0.23404255319148923,0.46800694890933603,0.09172767643767757,-0.08559663865207419,-0.12527796350118403,-0.04792003700106272,-0.08706870310359209,0.024004405452425007,0.004704777015704986,,,,,,,-0.4194331954120601,-0.46124253347410893,-0.36421711068222656,-0.4173238635273531,0.03027541833930227,0.005933872956191577,181.9424078239237,
Broomfield Hospital,10.180995475113122,8.144796380090497,12.895927601809957,10.409502262443441,1.4458108079339251,0.2833737112009249,0.4524886877828055,0.22624434389140274,1.1312217194570136,0.5769230769230763,0.33009878437831214,0.06469817287219448,-0.10237015678597189,-0.1241074016541512,-0.0836323511034604,-0.10378693086295536,0.01326885533949781,0.002600647858148772,-0.4540759177561389,-0.8396600069396751,0.10475955610357612,-0.4062991343528419,0.28845597327970374,0.05653633187536672,-0.4351990689306623,-0.48277673879826455,-0.39373541781608107,-0.4353635692486724,0.026801281137770566,0.005252954576956292,170.31969721544846,419.0425898931001
Calderdale Royal Hospital,13.614262560777956,11.499189627228525,15.883306320907616,13.747163695299843,1.2915483808628672,0.25313883107822477,0.6482982171799028,0.1620745542949757,1.1345218800648298,0.6645056726093999,0.2972482835101225,0.05825959301461914,-0.12068626502435197,-0.1387553766621941,-0.10610330699706504,-0.12099107425050654,0.010105863970988362,0.0019807129415798097,-0.3291151889695005,-0.7119990145807609,-0.0446524062258197,-0.33919666901297024,0.2006447360937807,0.0393256456431354,-0.4555051674550028,-0.49491347135036085,-0.42529756318371886,-0.45662782978824007,0.02261166057267643,0.004431804035309017,155.2358128990885,359.2058842392176
Charing Cross Hospital HASU,13.333333333333334,10.784313725490197,15.107843137254902,13.205882352941174,1.2687071771802754,0.24866203742008253,3.7254901960784315,2.3529411764705883,5.098039215686274,3.7196078431372515,0.8619051890294787,0.1689303128585964,-0.11274515356385283,-0.12996022882635613,-0.09440287202904517,-0.11260231277715738,0.012571473833601503,0.0024639635946446664,-0.4443747783541218,-0.5769445943309723,-0.2921957383227405,-0.4384319094693583,0.08316358791487384,0.016299763713828297,-0.45230949527436315,-0.47536225988224295,-0.42418933224761524,-0.4523337163661038,0.017351419676741923,0.003400815764705356,163.07221264800717,328.91631845300856
Chesterfield Royal,8.03921568627451,6.470588235294119,10.205882352941176,8.19607843137255,1.1758102061522555,0.2304545656713035,0.19607843137254902,0.0,0.40196078431372495,0.18235294117647047,0.20337961409680352,0.039861671881938954,-0.08765252232224138,-0.10572818120007264,-0.06791855861047741,-0.0866262302571138,0.012897456288250264,0.002527854981715011,-0.3380527070904291,-0.7606473491510104,0.07412159058567093,-0.3759317801768191,0.24448875705490267,0.047918915845257204,-0.39485161975949645,-0.4422777132905725,-0.3314807913461018,-0.39288365156548216,0.03490870235406732,0.006841979936100029,186.36137773383726,323.7830409356725
Colchester General Hospital,10.03976143141153,7.942345924453281,12.13717693836978,10.025844930417493,1.276042629585727,0.25009975967258136,0.5964214711729622,0.0,1.1928429423459244,0.5705765407554668,0.35592319984532095,0.06975966529590816,-0.10172913250242231,-0.11524352443720837,-0.08801052974504553,-0.1014428935630219,0.008597841084277379,0.0016851458869982516,-0.010415458920386717,-0.31138536691905716,0.10475955610357612,-0.037527628897218036,0.14248347403257697,0.02792624774959989,-0.40068374066531043,-0.4403125621616709,-0.3630967280404343,-0.40209342111033947,0.02401042089917118,0.004705956021602342,176.0234081863703,532.8684135610765
Countess of Chester Hospital,12.171052631578947,9.19407894736842,15.148026315789473,12.440789473684212,1.8146425389424372,0.3556634021141498,1.3157894736842104,0.6578947368421052,2.31907894736842,1.4342105263157896,0.6141062843208153,0.12036261999485132,-0.09865944402352275,-0.11527312156693513,-0.08003578921616628,-0.09802320973727013,0.011328822655327149,0.0022204084391682644,-0.3144866759305168,-0.5282890920071533,-0.14676066550611874,-0.3264683414384009,0.12922592182582018,0.025327815264759634,-0.403927165620504,-0.4599232662079759,-0.35061576607644657,-0.40410877827337316,0.0345544394327899,0.006772545679423869,176.8002931856407,337.2259880142534
Cumberland Infirmary,13.333333333333334,10.666666666666668,16.0,13.293333333333335,1.7490096604559182,0.34279959431062323,0.0,0.0,0.5333333333333333,0.13600000000000012,0.18758791429413982,0.03676655559515005,-0.08186762703936282,-0.10542758419217607,-0.05626652884256396,-0.08026539708903868,0.015426950049780714,0.0030236266488868624,-0.2361403228413934,-0.49857258062350907,0.04440613857220255,-0.21189775412659,0.16774354931652932,0.0328771315299316,-0.39866387404006953,-0.4368891748129379,-0.35538963306658744,-0.3989111195670903,0.02600451027512974,0.005096790357485614,190.9723537315107,371.9756097560976
Darent Valley Hospital,10.802469135802468,8.626543209876543,13.904320987654321,10.97530864197531,1.5770208059311857,0.30909039824954476,0.6172839506172839,0.0,1.2345679012345678,0.5493827160493824,0.40344675874342095,0.07907411168165251,-0.09773543574761209,-0.13021163433717584,-0.062362678718892554,-0.09576180856888764,0.021354439534937177,0.004185393239851509,-0.14239922619684675,-0.665027959723048,0.10475955610357612,-0.1547666273238172,0.23201506064512506,0.04547411627353218,-0.38871100291139526,-0.4449408753356149,-0.3498337954546501,-0.39170277710403767,0.02868940585055876,0.005623020220494768,186.59524090127945,508.9149789029536
Derriford Hospital,10.636645962732919,8.540372670807454,12.895962732919255,10.722049689440983,1.3046568173591138,0.2557080374208507,2.950310559006211,2.0108695652173916,4.045031055900621,3.037267080745338,0.7142516160842386,0.13999074434246372,-0.10310710070782506,-0.12140161296414369,-0.08551153128238373,-0.10348343735036407,0.011128367065413657,0.00218111986549524,-0.302996909364322,-0.4041144014710474,-0.14559935273488836,-0.28773188365198454,0.08772666253885635,0.017194109906005783,-0.40825352699748674,-0.44106028189544,-0.374603731909848,-0.40902040256982475,0.021053465944288502,0.0041264035000546095,176.77015636198468,422.16172896891476
Doncaster Royal Infirmary,9.11062906724512,7.5813449023861175,11.279826464208242,9.182212581344901,1.1776935777500444,0.23082369972142125,0.43383947939262474,0.0,0.8676789587852495,0.36225596529284154,0.24675899507170412,0.048363874320183686,-0.108360186727067,-0.12954975120160908,-0.0833875870383743,-0.10757946480944158,0.015028069470248383,0.0029454474918852724,-0.655160637300223,-1.0231774305599088,0.02234825143032937,-0.6180177110172832,0.30648595668168604,0.06007014368634078,-0.43682151647043554,-0.4782279401023562,-0.39381191853466346,-0.4351943247342041,0.02515690827957733,0.00493066341903492,168.34945459351547,284.58773946360157
Dorset County Hospital,8.823529411764707,6.951871657754011,11.76470588235294,9.02406417112299,1.4134998274501136,0.27704087539557953,0.267379679144385,0.0,0.53475935828877,0.23796791443850254,0.24303056950534177,0.047633116337272824,-0.09659990100599666,-0.12700980134432005,-0.07249698886773094,-0.10014186426701434,0.01656169077130335,0.0032460317434843955,-0.2658670345945353,-0.6488535652346848,0.10475955610357612,-0.28426098642779024,0.24975656352353773,0.04895138694086243,-0.39277258221689315,-0.43871966357281084,-0.33489233666603985,-0.3901006009552281,0.032785538673801455,0.006425847501439597,180.60706761669107,357.31935483870967
East Surrey Hospital,7.230142566191446,5.7026476578411405,9.368635437881874,7.3401221995926695,1.1564356384453467,0.22665722017914636,1.0183299389002036,0.40733197556008144,1.4256619144602851,0.9287169042769867,0.3653852884156428,0.07161420057754397,-0.08415978313194628,-0.10327259970473879,-0.057279218864156475,-0.08196465797842752,0.014493243052036659,0.0028406234401177205,-0.29441210990575106,-0.5899312644202311,-0.06868701388656548,-0.29663720854735864,0.15977074100128397,0.03131448981457935,-0.38497707339253834,-0.43241529728118083,-0.3445332121911749,-0.3865939062635443,0.02704765030194976,0.005301242045825549,190.88029187934072,380.0788917311647
Eastbourne District General Hospital,7.261904761904762,5.7023809523809526,9.535714285714285,7.295238095238095,1.3030119258059227,0.25538564460057867,0.0,0.0,0.0,0.0,0.0,,-0.08874031369560564,-0.11346733472036381,-0.06630792812530568,-0.08907847675072364,0.015652191155589825,0.00306777309440924,,,,,,,-0.4049849317716563,-0.46445587134609484,-0.3488985102294782,-0.40899097476728363,0.03834658972876459,0.007515793479831223,181.6799222898306,
Epsom Hospital,7.228915662650602,4.417670682730924,10.441767068273093,7.14056224899598,1.6618369214969526,0.3257140514312944,0.8032128514056224,0.0,1.6064257028112447,0.7148594377510037,0.4829408036386373,0.0946546581796559,-0.09540972591980919,-0.14286251597100894,-0.053612918523393,-0.09612303294498864,0.026889433851384974,0.005270232191338667,-0.42421026369247034,-0.6430317621344062,-0.13092679725908027,-0.40998079100848384,0.16684928567316143,0.032701859076563145,-0.40897687938284644,-0.4629662569745488,-0.3461733030554905,-0.409271326512979,0.03782468903992887,0.007413502824468732,180.11470937381563,306.4458823529413
Fairfield General Hospital,10.292524377031418,9.20368364030336,12.242686890574214,10.478873239436624,1.0346187037104824,0.2027815397004069,0.3250270855904659,0.1029252437703142,0.6500541711809318,0.33911159263271967,0.1902616314023508,0.037290594518844256,-0.10013970030433161,-0.11513697561672885,-0.08349079335771346,-0.09993187481934894,0.009223514138493078,0.001807775552234242,-0.4023253581971944,-0.7865291137842765,-0.07968060005646693,-0.41014554163415434,0.2114485563535282,0.041443155503590345,-0.4193462511727474,-0.4477802381044527,-0.38937335588336075,-0.4186776004170435,0.01877451685534847,0.0036797376863623166,175.29298923946237,317.97385964912274
Frimley Park Hospital,13.13953488372093,10.22093023255814,15.825581395348836,13.099999999999996,1.7099226397240443,0.33513867902087924,0.9302325581395349,0.23255813953488372,1.3953488372093024,0.8581395348837205,0.377883937065334,0.07406389069842556,-0.10959180629197363,-0.12839372010570624,-0.087778029319124,-0.10886563808902577,0.011605535654667142,0.002274643190444306,-0.3624299381020917,-0.7848526682155912,-0.026066909146260857,-0.36228614460523223,0.2350929569308946,0.04607737286035796,-0.43039010087295826,-0.45914864904524944,-0.39868092808304134,-0.4300105543935736,0.019033340517078796,0.0037304661918961535,171.29480621005916,353.8777142857143
Furness General Hospital,10.047846889952153,7.177033492822966,12.918660287081341,9.990430622009567,1.9250555486245957,0.3773039543543195,0.7177033492822966,0.0,1.9138755980861244,0.8421052631578941,0.6872369749211653,0.1346959719689741,-0.08831314982136779,-0.13233492663171914,-0.045200807345589976,-0.08668918524800048,0.024819166612015643,0.004864467268584971,-0.4825960726065659,-0.8396180749583246,0.0938407776184138,-0.45122658713884606,0.28359562129247123,0.05558372039065046,-0.3813137887647565,-0.43853428420843976,-0.31048073055229414,-0.3766703776321632,0.040928335443674815,0.008021806341677706,194.4815826551011,302.9039976484421
Glan Clwyd District General Hospital,15.112540192926044,12.540192926045016,18.038585209003216,15.138263665594852,1.9713913937119207,0.38638561311075925,0.0,0.0,0.3215434083601286,0.10932475884244372,0.1661700456140566,0.032568730471292884,-0.08162858898141478,-0.10320087772717122,-0.06025757033733241,-0.0816589628534096,0.0135929478038803,0.0026641688139338177,,,,,,,-0.3820784497327417,-0.42707767117127765,-0.3337000067288864,-0.3809869614596325,0.02739716465125598,0.005369745599497544,193.1204816106699,
Gloucestershire Royal Hospital,9.666203059805285,7.927677329624479,11.404728789986091,9.664812239221142,1.1315487388486112,0.2217794774895001,0.4172461752433936,0.13908205841446453,0.8344923504867872,0.439499304589708,0.2294481430383827,0.044971009667482464,-0.09650311158732355,-0.10865893401175142,-0.08416977185500098,-0.0958318963503806,0.008141030966079285,0.001595612749054079,-0.15261876668238727,-0.47785762013484695,0.05686646667891061,-0.18647062713104198,0.16860704163618542,0.03304637291467688,-0.3937523555571214,-0.42606165508430965,-0.34996291909288807,-0.3936253605598028,0.024101747626477675,0.004723855731237014,182.23884287099227,411.5047619047619
Grange University Hospital,11.39240506329114,5.063291139240507,15.18987341772152,11.11392405063292,3.0029304674285817,0.5885635564238054,0.0,0.0,2.5316455696202533,0.37974683544303794,0.7738489068596855,0.15167159869206745,-0.10491916172237126,-0.1803336961091727,-0.01847183207873854,-0.10083669500501458,0.04582980390768835,0.008982476507760226,-0.271864444759476,-0.8152529245534237,0.10475955610357612,-0.2558459801193697,0.30495186820660747,0.05976946787031556,-0.3904165848503123,-0.46993140677846534,-0.31547926110095037,-0.3916702061640405,0.04754448539191574,0.009318547903164554,189.82309500222,379.5507246376812
Great Western Hospital Swindon,10.404624277456648,7.789017341040463,13.294797687861271,10.42485549132948,1.6241876914211308,0.3183349379318674,0.2890173410404624,0.0,0.5780346820809248,0.23699421965317935,0.2544917961782334,0.049879475487024566,-0.10217515147130452,-0.13054776771383073,-0.07598617147488713,-0.10238824282147134,0.01662884056769314,0.00325919286173372,-0.2110420127285697,-0.7385188295890115,0.10475955610357612,-0.2572669733913813,0.27652906214341794,0.05419870024797374,-0.3913751183473097,-0.4437133128558036,-0.335559510892091,-0.3904836091177096,0.03684747940979991,0.007221973256428926,184.8526618622499,371.5347222222222
Hereford County Hospital,8.078602620087336,6.331877729257641,10.262008733624455,8.089519650655022,1.2179940122390491,0.2387224397373977,0.21834061135371177,0.0,0.6659388646288203,0.3165938864628819,0.2528332513469034,0.04955440667340938,-0.0844563636621615,-0.10419029519746863,-0.061758082430708044,-0.08316244243007542,0.012963865509683828,0.002540870949940127,-0.13227543249258567,-0.38455026358422145,0.10475955610357612,-0.12413039798629989,0.16387835162069603,0.03211956670223555,-0.3849250307881913,-0.4342033179768518,-0.3373272457233577,-0.3838549746681852,0.02996525149850352,0.005873081372475164,191.3196791558048,418.48032407407413
Hull Royal Infirmary,10.46831955922865,8.80853994490358,12.148760330578511,10.519283746556475,1.0898014776469145,0.21359716464864853,1.3085399449035813,0.5509641873278237,2.066115702479339,1.316804407713499,0.4172935842893277,0.0817880396186712,-0.10908310116482285,-0.12442626767797414,-0.09375187845633622,-0.10844516298798262,0.009535505085269659,0.0018689246541527121,-0.6549466913465563,-0.8324331110156499,-0.39104276701602314,-0.6388526667448745,0.13403296938640463,0.026269979273831234,-0.42504757237936813,-0.4625151664420815,-0.39902775654766176,-0.42619145088711,0.019669782753601397,0.003855206578078585,169.63155670523074,234.93730232267734
Invicta Ward Kent and Canterbury Hospital ,12.994350282485875,9.6045197740113,16.977401129943498,13.10734463276838,2.599589508111941,0.5095101810487606,2.824858757062147,1.1299435028248588,5.084745762711865,2.728813559322033,1.2311440798473778,0.24129980562805642,-0.08544430592296316,-0.10826227557999092,-0.04981605069399851,-0.08273728593051138,0.018919391664354156,0.003708132627154151,-0.15333216480307865,-0.3971391687643088,0.10475955610357612,-0.14874785922168926,0.15898956963685876,0.031161383040576612,-0.39707284345292737,-0.4562792474721381,-0.31804160249008834,-0.39316697407108836,0.043733823047349636,0.008571671807905301,191.31516399319003,423.90250574255674
Ipswich Hospital,13.368421052631579,10.726315789473686,16.010526315789473,13.454736842105268,1.6011118440250023,0.31381215495095205,0.42105263157894735,0.0,0.8421052631578947,0.4042105263157893,0.2785885367197082,0.054602349847634235,-0.09064829006396163,-0.10859468720970085,-0.07150347982286079,-0.08985792516271969,0.010237551495907512,0.002006523222185294,-0.22845247530918167,-0.7333519922678411,0.10475955610357612,-0.25848542564301563,0.2413561785011151,0.0473049417308406,-0.41067080168028836,-0.4416056803247418,-0.3792441297173972,-0.4099497038909506,0.01916199041582694,0.003755681108712272,182.51301550206182,391.7660645867542
James Cook University Hospital,14.022435897435898,11.530448717948717,16.025641025641026,13.855769230769232,1.3748883431112087,0.26947316352619133,1.1217948717948718,0.3205128205128205,1.7628205128205128,1.072115384615385,0.41795655839298707,0.08191798015525664,-0.10755438696358757,-0.12252323934728042,-0.09120208166399758,-0.10756396743993575,0.009823724821270401,0.001925414684372212,-0.4631324459468843,-0.6633003131354017,-0.23985311779812782,-0.4642211344730364,0.1377045260395685,0.026989591154571224,-0.4406889631610907,-0.4739851521935481,-0.4123628831759248,-0.44177919148712563,0.01917239144917124,0.003757719673787907,165.8796956258774,355.1918258963258
James Paget Hospital,10.141509433962264,8.018867924528301,13.443396226415095,10.318396226415098,1.5366795951663639,0.30118366623036685,0.2358490566037736,0.0,0.9433962264150944,0.32311320754716943,0.2991837937811482,0.05863894605691089,-0.0945369021236482,-0.11789883300884857,-0.06702995225730339,-0.09455736237300866,0.014048590255330642,0.002753473093400849,-0.2625347099638091,-0.8890803694297119,0.10475955610357612,-0.2918405509336854,0.3443575653439992,0.06749284258781368,-0.41228176374948067,-0.46013189794084025,-0.36260705981447394,-0.41004564249756265,0.02944002678849689,0.0057701392209348334,179.1508361150054,846.6808558558561
John Radcliffe Hospital,19.41747572815534,16.50485436893204,22.58495145631068,19.614077669902905,1.9675322314110086,0.38562923119873105,3.1553398058252426,1.9417475728155338,4.611650485436893,3.2451456310679574,0.7932066682870433,0.1554656502139613,-0.11436201687551514,-0.12530627828349308,-0.09737570683397974,-0.11313866550241147,0.009222490576296268,0.0018075749377300665,-0.6200633831199249,-0.7775122825521891,-0.45407953603229756,-0.6157819058833485,0.10447398794209584,0.020476525368777976,-0.44126466381826845,-0.4703757105527694,-0.40748960614413043,-0.4394900465308323,0.02035817936127897,0.003990129833891354,165.13091827904773,253.59491857377228
King's College Hospital HASU,14.148681055155876,11.750599520383693,16.798561151079138,14.23741007194244,1.5498882418988995,0.3037725134183944,1.9184652278177456,0.9592326139088728,3.117505995203837,2.0359712230215816,0.641750776122032,0.12578084082498098,-0.09950348560389394,-0.11916844261571308,-0.08335977824465135,-0.10026585729767575,0.01182457302386854,0.0023175737259346213,-0.5561602243682202,-0.725425244422366,-0.3450764292746572,-0.5488670740544914,0.12161770016080545,0.02383663121977697,-0.4387564202237766,-0.4684293461554927,-0.4112503648486806,-0.4396876411364971,0.020439618717698647,0.00400609165444199,170.7853405846155,273.2392245393495
Kings Mill Hospital,12.890625,10.7421875,15.439453125,13.046875,1.505223897633696,0.29501846280310495,1.3671875,0.5859375,2.5390625,1.435546875,0.5498928894049303,0.10777702585883309,-0.08545622126984805,-0.10047762206629329,-0.06919096759385968,-0.08529190481364765,0.009825752804867537,0.0019258121618533769,-0.26157084510512213,-0.4540910262750213,-0.07134112081603493,-0.25661067340443505,0.12263991904015015,0.024036982438560228,-0.38097914222617385,-0.41625616130278054,-0.3436121192604222,-0.3785824773056079,0.024010309326570875,0.004705934153774516,191.0421434227301,402.7544980297478
Leeds General Infirmary,10.146103896103897,8.116883116883116,12.183441558441558,10.173701298701298,1.3220740094867323,0.2591217443490468,1.948051948051948,0.974025974025974,2.7678571428571423,1.9366883116883122,0.587928265203377,0.1152318225291733,-0.11549060861023025,-0.13256931574127193,-0.10176558448200496,-0.11653496376174427,0.010504306514323039,0.002058806245064257,-0.5614023292249571,-0.7135852607096693,-0.43201786037574047,-0.5702753974435979,0.08685149649364268,0.017022580513094687,-0.43266995813634757,-0.4697855884637871,-0.40560958126799934,-0.4345110584409185,0.02089455791179942,0.00409525809800132,163.38675960357511,324.5627839146147
Leicester Royal Infirmary,11.668928086838534,9.76933514246947,13.83989145183175,11.656716417910447,1.1416102214885302,0.22375149185003096,0.6784260515603799,0.27137042062415195,1.2211668928086838,0.6892808683853454,0.29227488776849425,0.05728482536117352,-0.0994012848273847,-0.11302524245699001,-0.08581905010855419,-0.09938985651332817,0.008391708430325722,0.0016447446292199575,-0.3562171410134723,-0.684432783686046,-0.08842266360304289,-0.37031907856334395,0.19204800116253926,0.037640716558148324,-0.4223090241380698,-0.4508767121687343,-0.39616746185914986,-0.4228528741789266,0.0173593717867755,0.003402374349632087,175.44357497818507,392.83059563892914
Leighton Hospital,6.306306306306306,3.6036036036036037,8.408408408408409,6.180180180180178,1.4183163366613418,0.27798489385410186,1.8018018018018018,0.6006006006006006,2.7027027027027026,1.7297297297297312,0.6375619902175599,0.12495985387380948,-0.07472156914607042,-0.10730267576692398,-0.049427153705583114,-0.07621326143422003,0.020891609012613225,0.004094680124381439,-0.45438745029542416,-0.7275175842470755,-0.1834221116770161,-0.4572689848162286,0.1623674288917679,0.03182343128902332,-0.36052788528826696,-0.4342473910863327,-0.25069502465927046,-0.35282770632316174,0.05926220611546072,0.01161517896306924,209.8757718559113,373.0523161645612
Lincoln County Hospital,11.844331641285956,9.467005076142133,13.874788494077833,11.8409475465313,1.3763035995543467,0.2697505486919347,0.8460236886632826,0.338409475465313,1.6920473773265652,0.8527918781725878,0.4233842726356474,0.08298179259865557,-0.09396247688061976,-0.1134564441824419,-0.08009801834152862,-0.09516938893669784,0.010450111504534506,0.002048184218331528,-0.06125164635106817,-0.37178076218456607,0.10475955610357612,-0.09285427352604379,0.1880553225019684,0.036858165920492306,-0.3957866567917465,-0.4344327864614524,-0.35391604330230475,-0.3958000058302907,0.02503350672777339,0.00490647715931769,185.66368897137087,565.9566558441559
Lister Hospital,9.341500765696784,7.503828483920367,11.186830015313936,9.312404287901991,1.2329584405191027,0.24165541378521205,1.0719754977029097,0.3062787136294028,1.6845329249617151,0.9632465543644716,0.4003427874938558,0.07846574449583299,-0.07314586716893577,-0.09514932893483385,-0.05329206954466568,-0.07375771368167078,0.012078578596411732,0.0023673579033403336,-0.34415838004710314,-0.5834205499066425,0.07389434491840606,-0.32220526495065477,0.1974690803642369,0.03870322855741498,-0.3780388323300506,-0.41053586046809165,-0.3446316776647487,-0.37713769145373327,0.02106595697567611,0.004128851697219549,198.08134954370234,479.5210836385835
Luton and Dunstable Hospital,17.21014492753623,14.31159420289855,19.92753623188406,17.24275362318841,1.5199212221059875,0.2978990854665824,1.0869565217391304,0.5434782608695652,1.9927536231884055,1.1938405797101452,0.463547761614445,0.09085369178784708,-0.09968272738186587,-0.11302151285152437,-0.08672778195733531,-0.09942370342319894,0.00801498624725915,0.001570908438121174,-0.20649392000215067,-0.42272190940597054,-0.048617162765833506,-0.2109478243970395,0.10875922998071309,0.021316417374850655,-0.4104435399997072,-0.43472022185575443,-0.3864603103598513,-0.40925002208848565,0.014688724878575102,0.002878937174082441,179.80155118628798,390.56465728715705
Maelor Hospital,13.513513513513514,10.54054054054054,16.22972972972973,13.437837837837847,1.7503210620856327,0.34305662430697303,0.5405405405405406,0.2702702702702703,1.364864864864864,0.6891891891891899,0.39057409735042414,0.07655111641010726,-0.0927474876295151,-0.11352377675627928,-0.06663494365033289,-0.09137274995297653,0.014511012974979217,0.0028441062810152656,-0.20956347111394535,-0.48859170597905466,0.0850987557693119,-0.21077295720303413,0.17534243925796092,0.034366486590700546,-0.39916192648029225,-0.43851995619992284,-0.36081241506915873,-0.4014160034242735,0.02327344755483214,0.004561511900355253,184.80607546403166,381.68453608247415
Maidstone District General Hospital,10.209923664122137,8.005725190839694,12.22328244274809,10.32251908396946,1.356264421951267,0.26582294205375234,0.5725190839694656,0.0,0.7633587786259541,0.46946564885496217,0.2690963418385401,0.052741913837501764,-0.09381676023356675,-0.11374749043619532,-0.07297486688039723,-0.093898458793219,0.0117042810750208,0.002293996937197451,-0.19561087434378954,-0.5696803017155738,0.10475955610357612,-0.19656214163991104,0.21512603115998422,0.04216392732106106,-0.396008106846915,-0.43903490817635304,-0.347570314444375,-0.3934758111388422,0.03251967726593957,0.0063737396230107435,184.53090861273202,430.44166666666666
Medway Maritime Hospital,10.300429184549357,8.133047210300429,12.875536480686694,10.300429184549357,1.6515566188985975,0.32369914914700004,0.0,0.0,0.4291845493562232,0.055793991416308995,0.17946303811507167,0.035174109126167946,-0.0866701164117559,-0.11771393957662032,-0.048122002270206944,-0.08563166693980402,0.02046681132919619,0.004011421308360089,,,,,,,-0.3648516875739159,-0.4317542319672301,-0.3038003162806609,-0.3705996146691527,0.039891823378796376,0.007818653710007395,195.76125705239,
Milton Keynes General Hospital,12.735849056603774,9.433962264150944,16.037735849056602,12.712264150943394,2.052665688582182,0.402315082192219,0.9433962264150944,0.0,2.358490566037736,1.0754716981132075,0.6970022942324862,0.13660993938374633,-0.10626336036239759,-0.1332715768402518,-0.08204449392047523,-0.10676246400541847,0.01551917276326378,0.003041701968585192,-0.3665615134374045,-0.5988669430188962,-0.04790836802218834,-0.35186697669521766,0.16048879547094727,0.03145522590452715,-0.4637400497982932,-0.5187844193341581,-0.4148918983201799,-0.466948958490434,0.0309180177268759,0.006059820121804782,160.42802973621744,324.8016129032258
Morriston Hospital,17.194570135746606,15.158371040723981,20.41855203619909,17.450226244343895,1.6527728886361504,0.3239375336351067,0.22624434389140274,0.0,0.6787330316742082,0.21493212669683243,0.22133482047659306,0.04338082766587609,-0.07793517671549441,-0.09599106910441478,-0.05845093687262527,-0.07797698497171619,0.012094115925447483,0.002370403163872936,-0.27774889268944103,-0.5993502823287286,0.08671789397222786,-0.2810502860198589,0.21137945326793148,0.041429611547691314,-0.37858967814071215,-0.40855594539919454,-0.35162160864189895,-0.378197708252038,0.018426646318143784,0.0036115563139419438,197.18058946556926,356.025641025641
Musgrove Park Hospital,8.129175946547884,5.56792873051225,10.256124721603562,8.024498886414255,1.3591498134537596,0.26638846839636976,0.4454342984409799,0.0,1.1247216035634737,0.534521158129176,0.36644049296074055,0.07182101686801545,-0.08870687235582075,-0.10720658943052735,-0.06755445683398822,-0.08787052096051762,0.011967296881844048,0.002345547088071276,-0.11069002281429367,-0.40287178779071914,0.10475955610357612,-0.11939609347002292,0.1708064089077095,0.033477440978773226,-0.4005054170230362,-0.4677255784698247,-0.34811810387411574,-0.40674795090420063,0.03442607861726944,0.006747387421879247,183.55937137462544,489.57375350140063
New Cross Hospital,10.013908205841446,8.344923504867872,11.404728789986091,9.995827538247571,0.9744079423467731,0.1909804473249448,1.1126564673157162,0.5563282336578581,2.086230876216968,1.1947148817802506,0.4235647320645131,0.08301716199678033,-0.09652716618285934,-0.1126789472214068,-0.07994596480385867,-0.09715949826218004,0.009635386952488431,0.0018885011403984436,-0.41385972408207744,-0.7398022925679089,-0.1395674683857154,-0.41830550010052997,0.17369711395423457,0.03404400875688496,-0.41430186611266223,-0.4567911071495486,-0.3711579034712722,-0.413290775663851,0.02714501225410999,0.005320324637795415,179.2067647425771,383.1554312354311
Norfolk and Norwich University Hospital,9.758897818599312,8.0195177956372,11.257175660160735,9.73938002296211,1.0164784749756628,0.1992261202012493,0.1148105625717566,0.0,0.35017221584385727,0.16762342135476468,0.1379079073595121,0.027029453160793,-0.09520654806159397,-0.11037544674530927,-0.07872498286714323,-0.09526397638012472,0.00953647322115054,0.0018691144052985775,-0.08988648135439004,-0.4679318239246154,0.10475955610357612,-0.11952228145033794,0.20988661790418378,0.04113702119291199,-0.4113183687704222,-0.44094527101915676,-0.386166733477565,-0.41317666243445833,0.017083516779516736,0.0033483077617138535,179.9868297718775,497.29337899543384
North Bristol Hospitals,12.91044776119403,10.888059701492537,14.328358208955224,12.714925373134328,1.1344424153342587,0.22234662765897717,4.925373134328359,3.8731343283582085,6.119402985074627,4.898507462686569,0.6729822294142344,0.1319020931887369,-0.10546747316904545,-0.12011892853725759,-0.08615398737052798,-0.10463189379046053,0.010854208929404485,0.0021273858582305794,-0.400255667661614,-0.5144247051039839,-0.29145959140834826,-0.4048741733556138,0.07288675846479727,0.014285542154087283,-0.4176444430163918,-0.44769528350700577,-0.38085799269362697,-0.416395262679317,0.019824742848419483,0.003885578198566997,173.3098997027012,377.1956352437719
North Devon District Hospital,7.534246575342467,5.465753424657534,9.876712328767123,7.641095890410963,1.4028922490415263,0.274961828231179,0.547945205479452,0.0,1.1095890410958895,0.5726027397260268,0.36756250458347833,0.07204092710509558,-0.09055323445859831,-0.11371544365115711,-0.06379948114150501,-0.09055191595975343,0.0151569363615633,0.0029707049384629647,-0.0755660991158322,-0.5229850999793871,0.10475955610357612,-0.10856585972706713,0.20307726532493353,0.03980241261157545,-0.3947293114513233,-0.4419813891427071,-0.32872805932302684,-0.39100752740196754,0.03754218127387501,0.007358132319786881,183.87238151034316,526.9027777777778
Northampton General Hospital,9.078771695594126,7.74365821094793,10.033377837116154,9.009345794392523,0.7834504560046298,0.15355346774405554,0.26702269692923897,0.0,0.6675567423230975,0.27903871829105453,0.19729604786218577,0.038669314810197475,-0.1084632471586382,-0.12118520207118444,-0.09367413867651929,-0.10772045587060511,0.008849973940816828,0.0017345630188119049,-0.32338052912864645,-0.5308800439179061,0.010721312386760076,-0.298154608983888,0.17071084585512264,0.033458710964640925,-0.4328951594958705,-0.4711749783762143,-0.4067388253440208,-0.43667704531247087,0.022913841912599073,0.004491030489613856,165.63663677768412,353.14920634920634
Northumbria Specialist Emergency Care Hospital HASU,10.580524344569287,8.792134831460675,12.734082397003746,10.62359550561798,1.3152735277785608,0.2577888744264918,0.0,0.0,0.18726591760299627,0.050561797752808994,0.09543159533119543,0.018704248983634382,-0.11015002723459612,-0.1300193015742857,-0.08607345841818596,-0.10940398348026444,0.01496550024737682,0.002933184149548379,-0.40682899161860453,-0.6483328951908401,0.10475955610357612,-0.347551234755132,0.2741663613558997,0.05373561940299576,-0.43665800737840843,-0.47202053162781227,-0.40281582608539357,-0.43731010274072113,0.01971022440869758,0.0038631329968249473,169.23392701884498,329.625
Northwick Park Hospital HASU,13.74745417515275,10.784114052953157,16.313645621181262,13.80855397148677,1.6938805701076038,0.33199449115230806,0.20366598778004072,0.0,0.4175152749490829,0.16496945010183287,0.17294961578896126,0.0338975018086404,-0.12331074214557886,-0.1457881405578068,-0.09944283012230608,-0.1236322132020253,0.0145892821895355,0.002859446765178131,-0.3623091517911633,-0.7133251870979798,-0.0005480233458003397,-0.3601923209362935,0.21315986188546737,0.04177856522450485,-0.46800226375197596,-0.496338118244848,-0.44212799700847943,-0.4691348401776269,0.01717236283769528,0.0033657212691337035,155.9499278996834,321.0258620689655
Peterborough City Hospital,11.64021164021164,10.044091710758376,14.303350970017634,11.883597883597883,1.3791286146289385,0.27030424147213417,0.1763668430335097,0.0,0.5291005291005291,0.185185185185185,0.18314003196708292,0.03589478667829968,-0.08146579525377731,-0.10343733460751235,-0.06695579906607031,-0.08302323916048604,0.010978647490824707,0.0021517753680977414,-0.12627673854158683,-0.9457467667828493,0.10475955610357612,-0.1969553777249311,0.3420007360423668,0.06703091253292282,-0.3982257203719889,-0.43123649922607327,-0.35958966134049414,-0.3959320283075485,0.021954359194308982,0.004302975332450165,189.5393998185742,796.1608187134503
Pinderfields Hospital,13.176895306859205,11.432009626955475,15.288808664259927,13.316486161251502,1.1826758821462295,0.2318002134390742,0.7220216606498195,0.24067388688327318,1.3237063778580023,0.7785800240673885,0.31882007499611714,0.06248758645407482,-0.09772672584405748,-0.1124579955038576,-0.08691506238473772,-0.09818896773443962,0.008057537435290673,0.0015792483177252958,-0.37525012032416233,-0.6083894434472176,-0.18525804710903956,-0.3786456965107384,0.13604066767290346,0.026663480907167303,-0.42147617909306767,-0.4568108921116176,-0.3912685911765197,-0.4212793165548526,0.01988179597511936,0.0038967604059207406,175.05492427066503,317.2646456876456
Prince Charles Hospital,10.103626943005182,7.759067357512953,12.953367875647666,10.093264248704664,1.6163743053209112,0.3168035423964941,0.0,0.0,0.2590673575129534,0.02590673575129534,0.07811174729993871,0.015309621147737368,-0.07033978937595312,-0.09699083255959198,-0.043899349119328426,-0.07020397709479599,0.015938968746852886,0.003123980469454113,,,,,,,-0.38574614328441614,-0.43232696777800217,-0.3260494485829536,-0.38175766398589983,0.03203901527820619,0.006279531604541255,198.71495331188646,
Prince Philip Hospital,14.583333333333334,10.416666666666668,20.13888888888889,14.826388888888891,2.8732454781792556,0.5631457655973904,0.0,0.0,1.3888888888888888,0.3194444444444442,0.4776704261720697,0.09362168317771555,-0.0933223757035537,-0.11981218117343241,-0.06672312461877483,-0.09324695088859908,0.01690901814313299,0.0033141066574474964,0.10475955610357612,-0.2994045201369254,0.10475955610357612,0.01735073858250122,0.1416905476910882,0.027770837042428775,-0.4005791771608834,-0.4663153293308864,-0.34575368988784294,-0.4059452316646268,0.039204480033909334,0.007683936889908205,181.34673929802872,561.4549549549549
Princess Alexandra Hospital,0.0,0.0,33.33333333333333,10.666666666666664,13.086949145423635,2.5649948992537563,0.0,0.0,0.0,0.0,0.0,,-0.07054973576748846,-0.14306319808478332,0.020659721454327217,-0.06527401678859147,0.05984170601311687,0.011728758855914304,,,,,,,,,,,,,202.22972972972974,
Princess Of Wales Hospital,12.416107382550337,10.06711409395973,15.436241610738255,12.617449664429522,1.5659955257270695,0.3069294830375924,0.33557046979865773,0.0,1.006711409395973,0.3859060402684564,0.345178036861779,0.06765365205033258,-0.09003151067048583,-0.11412793717430032,-0.06015813643861939,-0.0887063423165388,0.017734005597833957,0.0034758012273386207,0.021662500272671747,-0.3509638568275999,0.10475955610357612,-0.03522117125710771,0.16351282075804344,0.032047923969631846,-0.3941666649410216,-0.4447817129977438,-0.34884472420602736,-0.3964643899359197,0.02944569407572379,0.005771249988820282,187.6082848021993,580.5442708333334
Princess Royal Hospital Haywards Heath,0.0,0.0,66.66666666666666,19.999999999999993,23.21035412742639,4.5491458158176314,0.0,0.0,0.0,0.0,0.0,,-0.08003924594926382,-0.13509001312923646,-0.0373466900480378,-0.0841377942859745,0.03257780361951613,0.0063851321789670235,,,,,,,-0.3870653731572753,-0.5471605371929278,-0.24370760441050376,-0.3875572470328731,0.10575867437467013,0.020728319282705243,190.20833333333334,
Princess Royal Hospital Telford,12.045454545454545,10.437499999999998,13.40909090909091,12.03295454545455,0.9779231770929233,0.191669420674911,0.7954545454545454,0.3409090909090909,1.1363636363636365,0.764772727272727,0.2701974609778152,0.052957729223068406,-0.08920496392151497,-0.10416547610477361,-0.08044423862014519,-0.0902096825840116,0.0075705034567892905,0.0014837914120142959,-0.5309483477046689,-0.8137774557044112,-0.23286545569290187,-0.5448997355528268,0.1686032440969252,0.03304562861065885,-0.3831724272620901,-0.4097194179732099,-0.3569822816905142,-0.3833767662167922,0.016761177255493035,0.0032851303759258155,189.2811162116065,312.493436868687
Princess Royal University Hospital HASU,10.526315789473683,8.033240997229916,12.75623268698061,10.509695290858723,1.4395497081362794,0.2821465581902256,0.0,0.0,0.554016620498615,0.14127423822714683,0.22095864855222752,0.043307099323500936,-0.09571164871646448,-0.12559700192795392,-0.04647179102369972,-0.09330872554405746,0.02044072734417072,0.004006308941237768,-0.1656381325657783,-0.5809519828377461,0.10475955610357612,-0.18577309825713956,0.25749407974441935,0.050467912253134656,-0.3964273213187216,-0.4352169228737556,-0.3503134213753193,-0.39583569780962463,0.02569428242919728,0.005035986816982696,187.20070442829004,376.16203703703707
Queen Alexandra Hospital Portsmouth,15.26147278548559,13.335112059765208,16.995731056563496,15.289220917822846,1.1487092867866875,0.22514288308085995,0.5336179295624333,0.21344717182497333,0.8537886872998933,0.520811099252935,0.20591923277038712,0.04035942799540787,-0.11226127854201512,-0.12203342801696566,-0.10078457549808274,-0.11159049828045602,0.007366258017216996,0.0014437600414574786,-0.44019841935808235,-0.6168180034579408,-0.22273053753701003,-0.4331696976701454,0.12829275620974398,0.02514491816484754,-0.4380088566717529,-0.461924979730831,-0.4124361350983313,-0.4375657388892386,0.015273483048270978,0.0029935476693094265,166.20221541920736,309.56456096681086
Queen Elizabeth Hospital Edgbaston,9.404990403071018,7.859884836852208,11.516314779270633,9.399232245681384,1.1413928627210086,0.2237088903144251,3.45489443378119,2.3032629558541267,4.616122840690978,3.510556621880998,0.7010172124412868,0.1373968488927586,-0.10274219416965019,-0.12276372199895759,-0.07662894274249622,-0.10197599284285558,0.013942172681553849,0.0027326156322083767,-0.5745458254849944,-0.7257882523476741,-0.4327890194409816,-0.5782502495279186,0.09353852880214385,0.018333214761906413,-0.3988514098269894,-0.4368703200488623,-0.3629634037337957,-0.3981377926971015,0.02537492305259486,0.004973393529356107,180.12144132688994,285.5962101864062
Queen Elizabeth Hospital Kings Lynn,14.814814814814813,12.759259259259258,17.416666666666668,15.057407407407409,1.4602137384847307,0.28619663371606663,0.0,0.0,0.3703703703703704,0.06296296296296294,0.11235122888081414,0.022020436222521207,-0.10908252063629703,-0.1254626191513611,-0.0904081078832717,-0.10866256869144093,0.010791304069311829,0.002115056732207174,,,,,,,-0.4277950437910759,-0.4538179060020962,-0.3995241762744587,-0.4280579140841417,0.017035712315011112,0.00333893825884074,170.94789182520563,
Queen Elizabeth the Queen Mother Hospital,10.480349344978166,7.423580786026202,13.973799126637553,10.54585152838429,1.9453626307549672,0.38128406931498304,0.43668122270742354,0.0,1.3100436681222707,0.3493449781659391,0.41635920927755093,0.08160490548155752,-0.10182837629413115,-0.12834999784522783,-0.07440169230625004,-0.10240039751313619,0.017183284085014468,0.003367861794274868,-0.26233956538310926,-0.48612464318367826,0.0015905760962524893,-0.24906289244082197,0.1618590070907134,0.03172378244712115,-0.45051126196372004,-0.5167529077111286,-0.3661366358120019,-0.44605408316386524,0.04696782577290113,0.009205524694703815,167.50775369178825,358.36792452830196
Queen's Medical Centre - Nottingham,11.776061776061777,8.880308880308881,15.463320463320462,11.880308880308874,1.9997373724554737,0.39194132285514804,3.088803088803089,1.5444015444015444,4.633204633204633,3.015444015444014,0.987337499424437,0.19351459394577342,-0.08102016130849873,-0.1099297789142582,-0.05350000065794315,-0.08192226480754412,0.01631050445419978,0.0031968001299911702,-0.08528511507723154,-0.3537784205720908,0.10475955610357612,-0.10180594993562701,0.15555233056450252,0.030487696561769403,-0.3914708218611168,-0.437160576650772,-0.33862730620861675,-0.3899929797452084,0.03255053575280998,0.006379787775299073,191.66646131374,797.8336744366741
Queens Hospital Romford HASU,16.818181818181817,13.852272727272727,20.011363636363637,16.97954545454546,1.8686451426111097,0.36624771794035027,2.272727272727273,1.3636363636363635,3.4090909090909087,2.3659090909090907,0.7223887605223327,0.14158559534603032,-0.11117816441416133,-0.13327735377938962,-0.09174387622313071,-0.11022286967658883,0.011680198147776646,0.002289276770193374,-0.4860902133297729,-0.6779390761034553,-0.25322530022755063,-0.485224902189581,0.1307959139101841,0.025635528058896184,-0.4366604202139591,-0.46878033878325126,-0.4085215609055746,-0.4361151442047889,0.019534706803266015,0.0038287321782951023,170.02433311217516,299.3260886499122
Royal Berkshire Hospital,25.491803278688522,22.62295081967213,28.36065573770492,25.47377049180328,1.676332998957904,0.3285552304053496,1.3114754098360655,0.6557377049180327,2.2950819672131146,1.3918032786885248,0.5366711050120643,0.10518560373669583,-0.1337736936496412,-0.1437384466463522,-0.12245104466701016,-0.13346148462052435,0.007137520509994121,0.0013989283138504394,-0.4525957440674335,-0.610335643527365,-0.27162435062991963,-0.4485764976947541,0.1174680752782674,0.02302331968786442,-0.4777614518527804,-0.5012570321242713,-0.45664124506566167,-0.47751949754559275,0.012847827897085922,0.0025181279957857128,146.8490242059073,313.104960584737
Royal Blackburn Hospital,8.9171974522293,7.006369426751593,11.050955414012739,8.883227176220807,1.2312524055354312,0.2413210370727743,0.6369426751592357,0.0,1.0615711252653928,0.5690021231422506,0.3075689314874788,0.06028240284789255,-0.08434723544133306,-0.1032587218209481,-0.05206587697145874,-0.08090581048611581,0.01689333952303382,0.0033110337043753407,-0.4556018652888483,-0.8678429167457671,-0.05767186531506384,-0.45541844906406564,0.24973497195871366,0.04894715507191988,-0.4062153510265708,-0.4492178153976065,-0.3498592324286952,-0.40311259555088746,0.028321397220313634,0.005550891854366746,188.2098275430849,672.9401433691756
Royal Cornwall Hospital,8.523908523908524,6.642411642411643,10.613305613305613,8.503118503118506,1.3186892916381616,0.2584583518409431,0.2079002079002079,0.0,0.6237006237006237,0.25155925155925163,0.20956305956276722,0.041073604923304585,-0.09120947515402829,-0.10961059918828742,-0.06954981155570657,-0.08981706385867623,0.013363076500366305,0.0026191148663371466,0.10475955610357612,-0.2884843948842822,0.10475955610357612,0.034052019068616435,0.13016591513832282,0.025512050568580972,-0.3839660927880648,-0.4317439760727711,-0.35576283201944575,-0.38925225534595237,0.025455334213751225,0.004989153827338277,188.3137166275529,752.547972972973
Royal Derby Hospital,8.833522083805208,7.123442808607021,10.537938844847112,8.860702151755383,1.034470313384498,0.20275245573094836,0.7927519818799547,0.33975084937712347,1.245753114382786,0.7893544733861844,0.29525699154019197,0.057869306960242395,-0.10025243770754308,-0.11603187656249506,-0.08156663031678,-0.09940993783813282,0.009777393307777328,0.0019163338745926545,-0.22039132814106055,-0.4819993963321253,0.00936017019994943,-0.24186905604828368,0.15954141805454794,0.031269543342936246,-0.41129192584508834,-0.44338604923439967,-0.3766612356787927,-0.41182172886339996,0.020989329183578664,0.00411383292594697,176.3024245343203,442.4838452380952
Royal Devon and Exeter Hospital,11.070780399274046,9.074410163339383,13.430127041742287,11.027223230490025,1.2470570090319029,0.2444186824370771,0.9074410163339384,0.3629764065335753,1.4609800362976402,0.8602540834845737,0.37966020458796745,0.07441203273555252,-0.09254967907543339,-0.11151525612067952,-0.07537502571850525,-0.09302754424634074,0.011024477195395519,0.002160757825135834,-0.11819038881013566,-0.36489535688352,0.10475955610357612,-0.12693308631460656,0.14744612633303109,0.028898909727268385,-0.4054669224456665,-0.4384148141713751,-0.37118766918261087,-0.4055388334121302,0.02068790027480412,0.0040547539454372505,182.77875872840312,581.4330912698413
Royal Hallamshire Hospital,8.037974683544304,6.70253164556962,9.49367088607595,8.017721518987349,0.8400796584112376,0.16465258746307398,1.139240506329114,0.5063291139240507,1.89873417721519,1.1607594936708856,0.395429076170626,0.07750267477343731,-0.09235650825934402,-0.11145615880905033,-0.0754386488706433,-0.0920378497239554,0.011619846093057115,0.0022774479848290397,-0.6032081553582085,-0.8169543516393596,-0.44212648487658734,-0.6127032786345384,0.11637784835461888,0.022809639137331694,-0.40493341216653456,-0.4467806092383326,-0.3664958930182267,-0.4047328914028055,0.025438248887405368,0.0049858051649080415,182.68223172044029,260.3091044404942
Royal Hampshire County Hospital,8.592321755027422,7.120658135283364,10.612431444241315,8.80073126142596,1.0993576830534506,0.21547014649121543,0.5484460694698354,0.18281535648994515,0.9140767824497258,0.5319926873857405,0.29178234290776234,0.057188288342393034,-0.0966539621148343,-0.11410644265953367,-0.07890000703032114,-0.09706384913111324,0.010961109727497417,0.002148338029648658,-0.48127141679304863,-0.7466410358267306,-0.2680704439196249,-0.4964012403998426,0.159248682467814,0.031212168222237102,-0.40479617963054854,-0.4385411221202993,-0.3566347157534813,-0.40342097443518393,0.02604920722746956,0.005105550799166081,179.72506953946908,276.5007852077
Royal Lancaster Infirmary,7.854984894259818,5.13595166163142,9.98489425981873,7.8942598187311175,1.4879163760223995,0.2916262509011256,0.3021148036253776,0.0,0.906344410876133,0.3806646525679762,0.3287701000459777,0.06443775552837466,-0.055909035192852306,-0.08938011596721918,-0.014794019357618895,-0.05423754405262226,0.02553816352849399,0.005005388074714255,-0.4642929604072167,-0.7042439914069796,-0.12364966049687111,-0.4349785107968074,0.18743298788652732,0.0367361905772326,-0.34400102537664234,-0.40609271890481974,-0.29707814197402055,-0.34667624153355603,0.034115221863139276,0.006686460617634615,216.86215856655718,296.82142857142856
Royal Liverpool University Hospital,9.811320754716983,7.89622641509434,12.452830188679245,9.849056603773585,1.4271451811844666,0.2797153155831449,0.7547169811320755,0.3679245283018869,1.509433962264151,0.837735849056604,0.3601168812094405,0.07058161173953925,-0.10639955568970452,-0.12250855242349697,-0.09141877049323317,-0.10642440994017535,0.01084457526722121,0.002125497695138742,-0.3918577636411621,-0.567111269354939,-0.18877879623246718,-0.3905163391365918,0.1316748754685582,0.025807801358717075,-0.4251596314898032,-0.4771234566954357,-0.3804661892223884,-0.42797896196056284,0.028599219752872534,0.0056053440701576696,168.9285836523229,327.7374285714286
Royal London Hospital HASU,20.496894409937887,17.375776397515526,24.254658385093165,20.680124223602448,2.239949136001505,0.4390219633764545,3.2608695652173916,1.8633540372670807,5.279503105590062,3.3509316770186297,1.007820779591916,0.1975292430871236,-0.11262803121666361,-0.13398217380316754,-0.09078857529285735,-0.11331825241912621,0.014213574432732174,0.002785809397973432,-0.45588828611832494,-0.7123260008233218,-0.22646479668532132,-0.4556875515437344,0.14875403688407787,0.029155255484773546,-0.4619571612438406,-0.4865556107356898,-0.4298672308243458,-0.4606670933294981,0.018317151240063185,0.0035900956729896794,161.17712411308875,322.7230781041285
Royal Preston Hospital,7.472527472527473,5.714285714285714,9.45054945054945,7.514285714285714,1.137814725501215,0.22300758830617085,2.967032967032967,1.9780219780219779,4.395604395604396,3.026373626373626,0.743741464716187,0.14577064846527943,-0.08333255950527305,-0.10265529506586576,-0.057299778627920385,-0.08233583643086172,0.01368135172400787,0.002681495663888034,-0.5267586444199837,-0.6697305370462435,-0.35059493054175755,-0.526897805909596,0.10655258702262356,0.020883923302391194,-0.4094062575195333,-0.4615608099209641,-0.3431845032294774,-0.4100506396400172,0.03680966835852438,0.007214562426557158,185.43457956391657,288.6877302799372
Royal Stoke University Hospital,11.504907306434024,9.700109051254088,13.195201744820064,11.470010905125418,0.9942148942240245,0.19486253855723845,3.5441657579062165,2.6117775354416577,4.252998909487459,3.5343511450381744,0.5391849955027492,0.10567831721897791,-0.10402370015886042,-0.1187616508118823,-0.09411826826840973,-0.1047765773183127,0.0075182229659283475,0.001473544624096143,-0.5437367572265157,-0.6301454689307976,-0.44280277534764634,-0.5424129477707963,0.055713133704864366,0.01091957355273987,-0.4195137959915518,-0.4506218030296497,-0.3895625316835312,-0.41837575702630536,0.0189170845972746,0.0037076804503155536,173.6979992388494,282.72059349642046
Royal Sussex County Hospital,8.189655172413794,6.4655172413793105,10.366379310344827,8.250000000000004,1.2021289621855134,0.23561294706561142,2.3706896551724137,1.5086206896551724,3.4482758620689653,2.4181034482758617,0.6326735303535632,0.12400173334647935,-0.10111958732278625,-0.1259055492339783,-0.07847415831255332,-0.10177996466806123,0.014618132357790284,0.0028651012942508547,-0.6812422395020523,-0.8511415884941864,-0.5230183249896609,-0.6864264117316892,0.10468606110924453,0.020518090945747858,-0.4067990280630905,-0.4719269060095799,-0.3426604460777933,-0.40723788434938135,0.03718171854935422,0.007287482924003941,176.86301482471256,258.19135441111183
Royal United Hospital Bath,9.361702127659575,7.446808510638298,11.702127659574469,9.395744680851069,1.3329217302323864,0.26124785854662846,1.276595744680851,0.425531914893617,2.138297872340425,1.346808510638298,0.5220928533766725,0.10232831892040295,-0.0937546630457864,-0.11559284277881263,-0.07087016426883341,-0.09394971936488383,0.01314894958728261,0.0025771467625606698,-0.2061663114413258,-0.43342277074638913,0.010028986741849837,-0.21414322384011875,0.14656809907002033,0.028726819545973836,-0.3926759345824878,-0.44121302502999926,-0.3493591793897263,-0.3952877601677603,0.02866157156157419,0.005617564800100283,183.39160082092906,447.7752056832056
Royal Victoria Infirmary,12.555720653789004,10.534918276374443,14.427934621099553,12.683506686478452,1.2596677522398763,0.24689034268766896,2.080237741456166,1.3298662704309063,2.9717682020802374,2.0505200594353643,0.5116834696149034,0.1002881171929706,-0.10551587937142633,-0.12200316442867991,-0.09377709044731058,-0.10668056956197437,0.009198126618806762,0.0018027996898100501,-0.5687308484222311,-0.7099442360116607,-0.3765328590479407,-0.5614893685641651,0.10492103188677845,0.020564144371886472,-0.42510591428587907,-0.4512110515548933,-0.3959338261981214,-0.425547618646192,0.018061505310358803,0.003539989991488246,170.50309992275416,263.03655966833304
Russells Hall Hospital,11.973392461197339,9.75609756097561,14.866962305986695,12.228381374722835,1.5546240415911519,0.30470071310187485,0.4434589800443459,0.0,0.8869179600886918,0.41463414634146367,0.2882483370288248,0.05649563591800599,-0.09616162142072573,-0.1182926723955461,-0.07655574855192339,-0.09557321806692959,0.01195449484447273,0.002343037934853631,-0.6206969174086475,-1.0835131967367888,-0.03634422490391047,-0.5814306276235506,0.3241876148144467,0.06353960492702593,-0.4033055482094025,-0.44911815292657004,-0.36172847699494864,-0.403172946586666,0.026262343056220463,0.0051473246539827655,181.16755198054238,290.65440613026817
Salford Royal Hospital,8.347676419965575,6.8760757314974175,9.470740103270224,8.284853700516349,0.8726578055878091,0.17103778697798688,1.8072289156626504,1.2908777969018932,2.667814113597246,1.8149741824440602,0.3965630604664126,0.07772493161131488,-0.0836507974033251,-0.10097450857227452,-0.06677465430260122,-0.08338791158518212,0.010259030866689032,0.0020107331014995178,-0.450423966612679,-0.5916855086201167,-0.30417064538983507,-0.4550433874476977,0.09348605438996273,0.01832292996610796,-0.39555177466401603,-0.418932804715351,-0.371818707301304,-0.3958811604995038,0.014791782947616345,0.0028991361844461494,189.4346900827161,310.7910416409367
Salisbury District Hospital,9.35672514619883,7.309941520467836,11.71052631578947,9.570175438596495,1.4716175300262015,0.28843173578691506,0.29239766081871343,0.0,0.8771929824561403,0.32748538011695927,0.30619014890224067,0.0600121664269348,-0.08855349241941556,-0.11362933763609225,-0.0661030049218452,-0.08912028790888513,0.01439218600154953,0.0028208166221838638,-0.21250822737160702,-0.3997389824706837,0.04053027202683665,-0.19736195756191444,0.14327262970990315,0.02808091942017535,-0.37750823066745043,-0.42536670548964745,-0.32079656996766637,-0.37517603195799426,0.03470206846914488,0.0068014804388567,190.45398911912943,518.8019323671498
Sandwell District Hospital,8.981001727115718,7.245250431778929,11.053540587219343,9.048359240069084,1.1057288032959742,0.21671886311286848,0.690846286701209,0.3367875647668394,1.2089810017271159,0.7098445595854919,0.2954918699763925,0.057915342287812144,-0.10107639628847692,-0.12295914392580276,-0.08178590071702967,-0.1025648470150589,0.013804688800045973,0.002705669286587359,-0.47969333209552906,-0.8321517899784779,0.010752970546789866,-0.44652214308245886,0.25619143501759667,0.05021259857821231,-0.4418120122327256,-0.4750234336093548,-0.39804862918318334,-0.4409949551823356,0.023119368172193448,0.004531312896282058,169.04310821050802,393.76664642047297
Scunthorpe General Hospital,6.1,4.2,8.01,6.138,1.156342195341532,0.2266389056673379,0.0,0.0,0.2,0.03400000000000001,0.08067893720848654,0.01581278112396021,-0.0873930317409485,-0.11975882569812063,-0.05820942333887301,-0.08912971553863241,0.019355676138392282,0.00379364281276702,,,,,,,-0.3817894377081763,-0.4365734611250063,-0.3393706634370589,-0.38710606005633763,0.03298911893086216,0.0064657484986198055,188.06196294926264,
Southampton General Hospital,12.395543175487465,10.571030640668523,14.21309192200557,12.286908077994433,1.2042255987418513,0.2360238802795216,3.064066852367688,2.360724233983287,4.178272980501393,3.172701949860724,0.625240098870524,0.12254480754764874,-0.10960431647173641,-0.12385214511022417,-0.09609159267779682,-0.10909555650752219,0.008899447180440865,0.0017442595955980689,-0.4691686749255086,-0.5900863095455273,-0.35198203606878375,-0.4714938208393374,0.0800804916946011,0.015695487958567733,-0.44594039616431225,-0.47527286862236523,-0.40846967847562976,-0.44504384753912085,0.02048730039573598,0.004015437091609564,164.74572083077368,311.2006616658109
Southend Hospital,14.736842105263156,12.631578947368421,16.666666666666664,14.784210526315793,1.2809444857719194,0.2510605058308144,1.0526315789473684,0.5263157894736842,2.1052631578947367,1.1964912280701763,0.5063739340879447,0.099247467352223,-0.10721007218575301,-0.12308005652635337,-0.08665509779952885,-0.10651738621292874,0.011180425684707482,0.002191323167385323,-0.4198762307238792,-0.7066834760876486,-0.16864399125979784,-0.4296148942055349,0.1717859687157658,0.03366943117322252,-0.42421776729666905,-0.4517933719679581,-0.3921508236551787,-0.42203873962525384,0.01856392339413535,0.0036384621264266004,173.2109909833904,355.510172993673
St George's Hospital HASU,12.572533849129593,10.62862669245648,15.686653771760152,12.725338491295938,1.443605320739787,0.2829414436540372,5.415860735009671,4.448742746615087,6.5860735009671165,5.411992263056094,0.7593874830552189,0.14883721170987485,-0.11054501359877744,-0.12958895620541144,-0.09359631389552268,-0.11176665684580833,0.010777582930766019,0.0021123674384695007,-0.5440106647365087,-0.6591014185013043,-0.4350329714624761,-0.5482342509359249,0.06739200627190219,0.013208590513882568,-0.4364966333632093,-0.4634940277922229,-0.400400110361689,-0.4352684038968262,0.01888506781412808,0.0037014052761287775,165.85081476103565,273.6848021889121
St Mary's Hospital Newport,6.870229007633588,4.580152671755725,9.561068702290076,7.000000000000003,1.5346198449761346,0.3007799626113661,0.0,0.0,0.0,0.0,0.0,,-0.06412180286471322,-0.1094180177837795,-0.02772505816702907,-0.06645406732668076,0.026738800865208773,0.00524070866855976,,,,,,,-0.3515319462847897,-0.43756324908630756,-0.2520358675351016,-0.3479404575820372,0.058412819768292844,0.011448702298128333,212.87026392087648,
St Peter's Hospital,11.098901098901099,9.43956043956044,13.846153846153847,11.331868131868125,1.3635465441049295,0.267250211768971,1.098901098901099,0.43956043956043955,1.9780219780219779,1.138461538461537,0.4982272594675607,0.09765074846725108,-0.09727403819818878,-0.11420064738059922,-0.07329110812258245,-0.0962659385739601,0.012144378829834926,0.002380254512108715,-0.3577571405390144,-0.5599483079409647,-0.15022526240503487,-0.36530116670001517,0.13719790668618048,0.0268902955859201,-0.39461907992039436,-0.43545821493469145,-0.36264341223701335,-0.39505679055156157,0.024117232385997302,0.0047268906883337625,183.85215109712473,343.0431130952382
St Richards Hospital,13.695090439276486,11.11111111111111,16.808785529715763,13.568475452196381,1.7102738210029147,0.33520750928674126,0.2583979328165375,0.0,0.7881136950904386,0.35142118863049115,0.3084200387031499,0.060449216796862326,-0.09639283506376384,-0.11518734329696768,-0.07820665306608518,-0.09648046304095742,0.011686252668272036,0.002290463434404824,-0.22726284880571246,-0.48602891022664235,0.056544754529900404,-0.22449488672771772,0.16287234743000287,0.03192239350403003,-0.39188230600242985,-0.43756708653114507,-0.3587135289046571,-0.3960565212894109,0.023740817184547687,0.004653114664526281,182.62369940804666,390.45949074074076
Stepping Hill Hospital,10.256410256410255,8.578595317725751,11.934225195094761,10.147157190635452,0.9861150446073386,0.19327499720434993,0.33444816053511706,0.11148272017837235,0.6688963210702341,0.38015607580825017,0.16925373601172924,0.03317312268318395,-0.1045296816530534,-0.11865291470632665,-0.09184693824211455,-0.10418735796857534,0.00850325037642014,0.0016666064489310184,-0.47323518253213737,-0.7073006438777891,-0.20922857008191603,-0.4688475648127738,0.16466134041811695,0.03227302968655987,-0.42836177297454525,-0.4502867827681288,-0.4008644083887641,-0.4279874329483089,0.016728118555717188,0.0032786509898322103,172.29566390998568,293.4168875797742
Sunderland Royal Hospital,11.833333333333334,9.491666666666667,14.174999999999999,11.81333333333333,1.4043143399652729,0.27524055293050687,0.33333333333333337,0.0,0.8416666666666662,0.4066666666666668,0.2724952248884021,0.05340808267404107,-0.08731526583839966,-0.10238635556937115,-0.07411108393927424,-0.08783014551377154,0.009699051652835996,0.001900979192375224,-0.34424113069442663,-0.6207405265020349,-0.034659344633776894,-0.3306764796059099,0.18038102614011403,0.03535403147290017,-0.3871844057758709,-0.41693531514002996,-0.35390227242396766,-0.38664283500149865,0.018838481865056145,0.00369227459789212,188.8988834247324,334.77835144927536
Torbay Hospital,8.579088471849866,6.434316353887399,11.26005361930295,8.680965147453088,1.5015629126998749,0.2943009229412823,0.2680965147453083,0.0,0.8042895442359249,0.35120643431635395,0.31352116555078147,0.06144901928705515,-0.09864665823937904,-0.1244868703201203,-0.06931049151722023,-0.09924274785046863,0.01662210555337031,0.0032578728231829057,-0.1890076439093349,-0.8118918737382809,0.10475955610357612,-0.23160164183154378,0.3262372653390566,0.06394132904793884,-0.3949238456013775,-0.440893531366235,-0.3457532312954412,-0.39529978987294045,0.029678937015317798,0.005816964764945531,183.04619221204632,468.6866197183099
University College Hospital HASU,12.721417069243158,10.933977455716587,15.297906602254429,12.834138486312401,1.402805619470959,0.2749448491473476,1.4492753623188406,0.8051529790660225,2.4154589371980677,1.5684380032206122,0.4517793969404362,0.08854713469604802,-0.11964284862552496,-0.13590521955956403,-0.10017763394590615,-0.1183839377604944,0.011882437586874146,0.0023289149718818403,-0.5033498213582028,-0.7012131621538408,-0.2889963839437868,-0.5083302738805084,0.12951376219082703,0.025384230939630603,-0.44939554793457026,-0.48189063004904326,-0.42336233165516146,-0.4503266523604901,0.016075346235981263,0.0031507099661534643,163.21812838038443,322.3797819672158
University Hospital Aintree,8.545034642032332,6.454965357967668,11.085450346420323,8.621247113163967,1.3802488359966985,0.2705238008256856,1.3856812933025404,0.6928406466512702,2.3210161662817543,1.4457274826789854,0.5049347139409291,0.09896538538682553,-0.10529969219110093,-0.12775901500247042,-0.08294393011350674,-0.1053997650924435,0.013238716659844479,0.002594740785482552,-0.47400822671563897,-0.6899705442188017,-0.2706401308721088,-0.4762518040407728,0.12399458428386498,0.02430249194743911,-0.42770693087648337,-0.4899851784496138,-0.3674923618517504,-0.42479467268893956,0.03690233286549807,0.00723272433618849,169.31880278582767,297.35875685425674
University Hospital Coventry,14.017341040462428,12.138728323699421,15.614161849710984,13.98121387283236,1.0697102875382807,0.20965936374670235,0.7225433526011561,0.2890173410404624,1.4523121387283233,0.7962427745664736,0.36885255737676914,0.07229377280639615,-0.11613497341975698,-0.12824974093605337,-0.09867436786538508,-0.11532644244480297,0.008729688716317272,0.0017109875480227493,-0.5436879481249814,-0.8624409332277657,-0.17130850343415577,-0.529557918685095,0.20891680467684767,0.040946941293181105,-0.44846960224150023,-0.4783838783641907,-0.4134032159286569,-0.44783107246395004,0.018609835964706632,0.0036474608249023044,160.41135120744764,318.6062758907758
University Hospital of North Durham,13.230035756853397,11.680572109654351,14.791418355184742,13.299165673420749,0.9737944359710164,0.19086020228486866,0.3575685339690107,0.1132300357568534,0.7151370679380215,0.38974970202622194,0.20807279178786003,0.040781517806690704,-0.10849305440815842,-0.12233299460777483,-0.09433915501088852,-0.10928941487915175,0.00865006945537329,0.0016953824596301625,-0.4037963193606151,-0.6887259363628715,-0.09214662985722426,-0.3922743779001743,0.1990683860627009,0.03901668671434089,-0.43718564104206425,-0.463188943964388,-0.41046214338525056,-0.4361805366415906,0.01640528384436479,0.003215376549111193,167.8650313011029,321.92387218045116
University Hospital of Wales,11.078717201166182,9.037900874635568,13.717201166180756,11.12827988338192,1.413806684882405,0.27710101834714784,0.8746355685131195,0.2769679300291546,1.749271137026239,0.9183673469387753,0.5214907319305333,0.10221030528552777,-0.09036955707550334,-0.11506995458223658,-0.055788045950288224,-0.08979109200147851,0.017451736348715958,0.003420477471117178,-0.5860913584207634,-0.834890297813515,-0.23654488583416072,-0.5688701698748115,0.19454399960670515,0.03812992326375164,-0.37758423620265635,-0.426644402209644,-0.3439678070434614,-0.3784943961646684,0.027645095634470027,0.0054183391792726465,192.1598377860668,260.91036340852133
University Hospitals Bristol Inpatient Team,9.042553191489363,7.420212765957447,11.715425531914894,9.244680851063828,1.4139597208139505,0.27713101283856467,0.5319148936170213,0.0,1.3297872340425532,0.6489361702127664,0.4348328056729825,0.08522566384155494,-0.09788782716277813,-0.12581201827396823,-0.06906460035456691,-0.098386508974582,0.017696489926955345,0.0034684482909608377,-0.3168427944984342,-0.5933906834951916,0.10475955610357612,-0.29231300697986473,0.21092164574099692,0.041339882921227034,-0.3862387947017688,-0.43554636880272957,-0.33886481743529795,-0.386003607396867,0.03262486784541195,0.006394356597738626,185.20223022307374,406.706222943723
University Hospitals Dorset Stroke Service,11.504424778761061,7.079646017699115,15.973451327433626,11.407079646017694,2.922628464899415,0.5728246531394436,0.0,0.0,0.0,0.0,0.0,,-0.07699974658997417,-0.12723250557653243,-0.018786457812303058,-0.07514399405073802,0.033185438350965525,0.006504226397906668,,,,,,,-0.3993727808445612,-0.4785595282111414,-0.3316696922981719,-0.4007602667482731,0.04382130034669351,0.008588817043523211,191.1046411871583,
University Hospitals of North Tees and Hartlepool,14.385964912280702,12.271929824561402,17.36842105263158,14.654385964912281,1.6255081906080762,0.3185937510166692,0.17543859649122806,0.0,0.5263157894736842,0.2052631578947369,0.18999508205297777,0.03723835180635687,-0.11010445772209604,-0.12765827825800458,-0.0939548158131204,-0.10962567820643854,0.009921051913130858,0.0019444904438488675,-0.4639555294157193,-0.826886313718484,0.007983016619087454,-0.430584248294878,0.2678146901416238,0.052490714720833664,-0.4282404544668478,-0.45300563902648666,-0.40332610973977745,-0.4294898505421119,0.018101281654111127,0.0035477860116073234,169.12810576901492,319.9964285714286
Warwick Hospital,2.366863905325444,0.591715976331361,4.142011834319527,2.4378698224852067,1.0845028654535507,0.21255865574194477,0.0,0.0,0.591715976331361,0.07100591715976333,0.19325362862194703,0.03787701519806951,-0.08847475458794649,-0.13169454133509503,-0.02140830771926554,-0.08214619130696986,0.03866780010910829,0.007578749557524619,,,,,,,-0.36293232380616647,-0.5174868786927718,-0.2454898847279847,-0.36437830531728854,0.08891376448151721,0.01742677761136502,193.7179333012667,
Watford General Hospital,16.43835616438356,14.37214611872146,18.72146118721461,16.440639269406393,1.5243151422825383,0.29876027799628346,2.054794520547945,0.91324200913242,2.968036529680365,1.9497716894977166,0.6362477759164388,0.12470227260399303,-0.09685809753685903,-0.11307522392190111,-0.08104072398848154,-0.09759797040708568,0.009994027410030101,0.001958793378416507,-0.32694213501881986,-0.4705502149538621,-0.18797198821749012,-0.3256706090219668,0.08614065066547295,0.01688325729091733,-0.411797252570527,-0.44862384700571006,-0.3697865975773415,-0.41206280681283836,0.02376082214034505,0.004657035563813805,179.03019083728176,336.1257984792986
West Suffolk Hospital,8.565310492505352,6.852248394004283,10.920770877944326,8.792291220556741,1.3600346680103765,0.26656189670262265,0.21413276231263384,0.0,0.6423982869379015,0.23340471092077075,0.21107193157452528,0.04136933840333723,-0.09100953703139274,-0.11137371466081628,-0.07062218125866608,-0.09141882985326612,0.013273609620093328,0.0026015796800227253,-0.3131185255359978,-0.9444086037340809,0.10475955610357612,-0.352327499655731,0.3436672424196659,0.06735754178087411,-0.4261980075034669,-0.4746181331377981,-0.3685733869070837,-0.4246912360831272,0.0301646085962013,0.005912154645630163,178.0303502114606,386.780193236715
West Wales General,15.873015873015872,11.613756613756612,20.105820105820104,16.126984126984127,2.522925854248734,0.4944843809992463,0.0,0.0,0.5291005291005291,0.21164021164021152,0.3100702197501,0.06077264633886162,-0.08022232240247285,-0.11115431307140403,-0.05165950193738272,-0.07995842935646379,0.019496773462841274,0.0038212973801905192,,,,,,,-0.41636255872382777,-0.46595825239852234,-0.35510839298582536,-0.4139264739190364,0.033867411413557445,0.0066378906620173095,186.44880850885406,
Weston General Hospital,8.205128205128204,4.615384615384616,11.282051282051283,7.933333333333336,1.9496378640885599,0.3821219996509173,1.0256410256410255,0.0,2.0769230769230753,0.9128205128205118,0.712600794565426,0.1396671892702861,-0.10374707264091199,-0.1345884770227617,-0.06030813521184918,-0.10082459713595356,0.023896825205653113,0.004683691674792906,-0.41641844028094344,-0.7581104346420624,0.07458284733788934,-0.36383330973402944,0.25250773809667004,0.04949060724871457,-0.45402522352955604,-0.5062180838325933,-0.3955250598980466,-0.45140387273082344,0.03343732586332455,0.0065535954431446,167.34337442050474,619.0337448559669
Whiston Hospital HASU,14.860681114551083,12.685758513931887,16.563467492260063,14.764705882352946,1.2719024687788993,0.2492883030654216,0.9287925696594427,0.30959752321981426,1.5479876160990713,0.8761609907120738,0.38939433153819547,0.0763198865598913,-0.10605164446321498,-0.11973748359299129,-0.09351969695760956,-0.1060280327935922,0.00839597726861439,0.0016455813061501123,-0.4537246753884606,-0.6426746140322416,-0.24341694642086503,-0.460308711389375,0.1244746600130094,0.02439658506133663,-0.4394797941995403,-0.4738674114740553,-0.40846335165418846,-0.4387249542880795,0.019579948694261978,0.0038375994259895463,167.64697994089732,289.11754570429576
William Harvey Hospital,10.9375,8.333333333333332,14.23611111111111,11.034722222222221,1.7591623444863285,0.3447894838152248,0.3472222222222222,0.0,1.0416666666666665,0.3888888888888885,0.3357388418049001,0.06580360381487949,-0.10041695610993284,-0.12117657968468237,-0.07405577629294861,-0.09908130438367149,0.014915859086321322,0.0029234546607664336,-0.29795673262106004,-0.5893653754507192,-0.00016190072881446665,-0.2993885770160993,0.16616744331294753,0.0325682204296478,-0.4263976961662625,-0.4958197923806982,-0.3776581559269371,-0.4289915330895349,0.034947473620189025,0.006849578964623404,174.79621853098888,340.44523809523804
Wirral Arrowe Park Hospital,9.591474245115453,7.628774422735346,11.376554174067495,9.568383658969806,1.1878017861502534,0.23280487216268497,0.5328596802841918,0.17761989342806395,1.0657193605683837,0.5950266429840143,0.30123530783004493,0.059041035421872445,-0.10693128557342478,-0.12091853194808995,-0.0880175526881687,-0.10468658729445274,0.01036116408984017,0.002030750845399651,-0.3454706381298229,-0.5642793564118802,-0.08011854399864397,-0.34145303828167195,0.1521215698259358,0.02981527981305293,-0.42611637676694597,-0.4695209615702126,-0.39324184283231445,-0.4285679345461891,0.02359025414842711,0.0046236048517063755,169.98709051873098,343.63241010689995
Withybush General Hospital,17.708333333333336,13.020833333333334,21.354166666666664,17.333333333333332,2.6609754873602673,0.5215416118970033,0.0,0.0,0.5208333333333333,0.2499999999999999,0.2912605397581383,0.05708601680436476,-0.09034604845263763,-0.12048705633945725,-0.06628772054277843,-0.09168246276023845,0.01707990506520761,0.0033475998787170225,0.10475955610357612,-0.38081903768957265,0.10475955610357612,0.013891871121471232,0.1847569296672781,0.03621169280420649,-0.4118509411138309,-0.459918737522453,-0.36562921538554893,-0.41030526911073717,0.030091075344881896,0.005897742393204952,182.54601234563634,808.0777777777778
Worcestershire Royal Hospital,9.983079526226735,8.282571912013537,12.021996615905245,10.040609137055842,1.223045608578149,0.2397125344263049,0.1692047377326565,0.0,0.34686971235194536,0.1472081218274111,0.15707059641197413,0.03078527119976955,-0.08591335639149372,-0.10993952418075255,-0.055638273000266913,-0.0855223288319448,0.015463977020293392,0.0030308838017530093,-0.3198938855825997,-0.5285512518977435,0.10475955610357612,-0.274188229924636,0.19319386134194153,0.03786530102644303,-0.376133961949502,-0.4072371183522995,-0.342393602820683,-0.3739750784423182,0.01967298525450241,0.0038558342567212023,194.90731597987897,357.61904761904765
Worthing Hospital,13.219616204690832,11.087420042643924,14.7228144989339,13.115138592750524,1.371980659891695,0.2689032680873211,0.42643923240938164,0.0,1.0660980810234542,0.4797441364605541,0.34203193418318056,0.06703702725616079,-0.10751375155413148,-0.12119347438390482,-0.09197115931440492,-0.10769515516688954,0.00926509904384368,0.0018159260439130076,-0.31848542033410643,-0.8343626064132598,0.025605618634724273,-0.35298225425550456,0.2579662269621296,0.05056045140734594,-0.41273130654533063,-0.44943266549689603,-0.37246867740921585,-0.4119476885881836,0.023666531897295312,0.00463855501576671,171.45127557567702,352.05000000000007
Wycombe General Hospital,13.861386138613863,12.046204620462046,16.014851485148515,14.006600660066013,1.212228478828145,0.23759241595369396,1.4851485148514851,0.6600660066006601,2.318481848184818,1.486798679867987,0.5257637613436983,0.10304780366099608,-0.11450105886585532,-0.1291825093572325,-0.0995974196787007,-0.11473048271405842,0.009499918981088824,0.0018619499058982608,-0.4529599506516552,-0.599196657058947,-0.18134145017343914,-0.4205800913478005,0.12557399717068857,0.02461205118492843,-0.4397696107829657,-0.47177762216134983,-0.4057773329767742,-0.43929382950992396,0.021403179607825663,0.004194946118598053,164.08479992855646,348.98243538406035
Yeovil District Hospital,14.967105263157894,11.49671052631579,18.108552631578945,15.026315789473689,1.9961945104557537,0.3912469346629841,0.6578947368421052,0.3289473684210526,1.9736842105263157,0.8980263157894741,0.5348339627599739,0.10482553047183851,-0.0906092312527099,-0.11012189012352036,-0.0616772105373988,-0.08954274674254141,0.0162580980521311,0.00318652866392978,-0.05640893033261207,-0.4424334383761427,0.10475955610357612,-0.11398223378417466,0.19782601488645832,0.03877318643825428,-0.3991733899123405,-0.4479703605553902,-0.35910509428011184,-0.40187340360408436,0.027088337633630732,0.0053092166162977406,185.82151234221678,468.68365243004416
York Hospital,11.009817671809255,9.396914446002805,13.050490883590461,11.186535764375874,1.139262858956472,0.22329141724788215,0.3506311360448808,0.0,0.7012622720897616,0.36605890603085534,0.2323858122159391,0.0455467822461329,-0.10269147891244965,-0.11567488516648355,-0.0878634710866562,-0.10278499922119445,0.008757123294113331,0.0017163646264638927,-0.4330853918630746,-0.6215253769432139,-0.21136640911361976,-0.41858906474375146,0.13329647793616065,0.026125629602091305,-0.4270502045686464,-0.45753650072763985,-0.39067477362027375,-0.424293680257647,0.020143424458627424,0.003948038646421292,171.5734352527506,302.1290740740741
Ysbyty Gwynedd,9.962406015037594,7.87593984962406,12.800751879699245,10.1390977443609,1.6140667518323275,0.31635127022349074,0.0,0.0,0.37593984962406013,0.08646616541353382,0.16774287343551647,0.03287699905968729,-0.07778217244453572,-0.10377007254945692,-0.055632415430707495,-0.07952294196744118,0.01528417686841354,0.002995643619543076,-0.10012392530688863,-0.2426747800793852,0.10448716914952051,-0.08230205861510251,0.10756541877261884,0.021082434677630157,-0.33497494658997945,-0.3869448072057753,-0.273927204534138,-0.33460548646968546,0.036724852119098254,0.007197938749099186,203.42837042107814,417.15909090909093
